EventTime,SourceIPAddress,ResourceName
2008-12-01 00:00:00.000000000,172.47.117.192,resource3
2009-01-01 14:18:10.909090909,67.251.195.103,resource1
2009-02-02 04:36:21.818181818,9.211.21.242,resource2
2009-03-05 18:54:32.727272727,36.87.70.216,resource2
2009-04-06 09:12:43.636363636,88.140.58.193,resource2
2009-05-07 23:30:54.545454544,230.39.87.174,resource3
2009-06-08 13:49:05.454545454,88.81.165.25,resource2
2009-07-10 04:07:16.363636364,77.72.9.148,resource2
2009-08-10 18:25:27.272727272,115.208.243.197,resource2
2009-09-11 08:43:38.181818180,254.79.175.192,resource3
2009-10-12 23:01:49.090909088,82.99.216.177,resource1
2009-11-13 13:20:00.000000000,243.29.147.147,resource2
2009-12-15 03:38:10.909090908,142.167.32.193,resource1
2010-01-15 17:56:21.818181816,9.185.127.32,resource2
2010-02-16 08:14:32.727272728,31.202.244.151,resource2
2010-03-19 22:32:43.636363632,163.254.203.114,resource3
2010-04-20 12:50:54.545454544,183.28.34.128,resource1
2010-05-22 03:09:05.454545456,128.164.53.133,resource3
2010-06-22 17:27:16.363636360,38.232.244.17,resource1
2010-07-24 07:45:27.272727272,79.132.105.42,resource3
2010-08-24 22:03:38.181818176,186.31.120.1,resource1
2010-09-25 12:21:49.090909088,65.231.169.57,resource3
2010-10-27 02:40:00.000000000,35.102.119.11,resource1
2010-11-27 16:58:10.909090904,174.82.91.128,resource1
2010-12-29 07:16:21.818181816,142.99.53.140,resource1
2011-01-29 21:34:32.727272728,121.170.84.203,resource1
2011-03-02 11:52:43.636363632,68.6.196.47,resource2
2011-04-03 02:10:54.545454544,127.244.131.204,resource3
2011-05-04 16:29:05.454545456,100.180.232.78,resource1
2011-06-05 06:47:16.363636368,143.148.227.186,resource1
2011-07-06 21:05:27.272727264,23.207.141.117,resource2
2011-08-07 11:23:38.181818176,85.48.49.69,resource3
2011-09-08 01:41:49.090909088,169.163.192.95,resource2
2011-10-09 16:00:00.000000000,197.94.0.113,resource1
2011-11-10 06:18:10.909090912,178.36.162.48,resource1
2011-12-11 20:36:21.818181808,93.131.98.42,resource1
2012-01-12 10:54:32.727272720,205.112.231.149,resource1
2012-02-13 01:12:43.636363632,201.127.0.138,resource1
2012-03-15 15:30:54.545454544,114.43.186.127,resource2
2012-04-16 05:49:05.454545456,23.187.130.121,resource1
2012-05-17 20:07:16.363636352,98.62.163.222,resource3
2012-06-18 10:25:27.272727264,123.195.82.174,resource3
2012-07-20 00:43:38.181818176,227.148.209.50,resource3
2012-08-20 15:01:49.090909088,155.14.41.58,resource1
2012-09-21 05:20:00.000000000,193.36.10.86,resource1
2012-10-22 19:38:10.909090912,43.104.11.2,resource3
2012-11-23 09:56:21.818181808,51.80.32.182,resource1
2012-12-25 00:14:32.727272720,128.38.19.174,resource3
2013-01-25 14:32:43.636363632,42.115.184.188,resource3
2013-02-26 04:50:54.545454544,232.77.30.24,resource1
2013-03-29 19:09:05.454545456,125.2.3.94,resource2
2013-04-30 09:27:16.363636352,226.107.13.112,resource2
2013-05-31 23:45:27.272727264,40.72.19.95,resource2
2013-07-02 14:03:38.181818176,72.154.194.248,resource1
2013-08-03 04:21:49.090909088,180.67.236.61,resource1
2013-09-03 18:40:00.000000000,14.96.4.195,resource2
2013-10-05 08:58:10.909090912,237.139.252.86,resource1
2013-11-05 23:16:21.818181824,205.121.109.75,resource1
2013-12-07 13:34:32.727272736,184.16.152.157,resource2
2014-01-08 03:52:43.636363616,149.110.25.208,resource3
2014-02-08 18:10:54.545454528,188.121.118.117,resource3
2014-03-12 08:29:05.454545440,189.83.161.104,resource1
2014-04-12 22:47:16.363636352,160.228.251.251,resource3
2014-05-14 13:05:27.272727264,121.70.213.31,resource2
2014-06-15 03:23:38.181818176,13.71.184.152,resource2
2014-07-16 17:41:49.090909088,79.41.18.40,resource3
2014-08-17 08:00:00.000000000,182.207.11.166,resource2
2014-09-17 22:18:10.909090912,111.93.249.129,resource3
2014-10-19 12:36:21.818181824,223.118.44.216,resource3
2014-11-20 02:54:32.727272736,125.24.67.210,resource2
2014-12-21 17:12:43.636363616,239.3.234.204,resource3
2015-01-22 07:30:54.545454528,230.35.214.254,resource1
2015-02-22 21:49:05.454545440,189.197.215.43,resource1
2015-03-26 12:07:16.363636352,32.11.104.212,resource3
2015-04-27 02:25:27.272727264,138.182.235.165,resource2
2015-05-28 16:43:38.181818176,125.156.111.232,resource2
2015-06-29 07:01:49.090909088,2.27.211.217,resource3
2015-07-30 21:20:00.000000000,151.53.51.174,resource3
2015-08-31 11:38:10.909090912,148.181.29.67,resource2
2015-10-02 01:56:21.818181824,35.39.137.73,resource1
2015-11-02 16:14:32.727272704,41.151.131.46,resource3
2015-12-04 06:32:43.636363616,218.178.108.3,resource1
2016-01-04 20:50:54.545454528,31.9.138.27,resource3
2016-02-05 11:09:05.454545440,173.199.167.61,resource1
2016-03-08 01:27:16.363636352,85.97.44.34,resource3
2016-04-08 15:45:27.272727264,162.88.33.133,resource2
2016-05-10 06:03:38.181818176,232.36.0.203,resource3
2016-06-10 20:21:49.090909088,34.197.126.181,resource2
2016-07-12 10:40:00.000000000,254.80.190.136,resource1
2016-08-13 00:58:10.909090912,189.129.209.112,resource2
2016-09-13 15:16:21.818181824,35.120.91.168,resource2
2016-10-15 05:34:32.727272704,116.36.176.25,resource3
2016-11-15 19:52:43.636363616,67.103.252.35,resource3
2016-12-17 10:10:54.545454528,114.30.29.241,resource1
2017-01-18 00:29:05.454545440,33.146.17.221,resource2
2017-02-18 14:47:16.363636352,84.253.2.69,resource1
2017-03-22 05:05:27.272727264,101.140.44.117,resource1
2017-04-22 19:23:38.181818176,253.66.111.91,resource1
2017-05-24 09:41:49.090909088,85.167.39.203,resource3
2017-06-25 00:00:00.000000000,150.158.145.198,resource1
